Modelo,MAE,RMSE,R2
Linear Regression,0.02631166959560256,0.04087907979798681,0.998603335928999
