Modelo,MAE,RMSE,R2
Neural Network,0.0187691104951981,0.032107677343859296,0.9991383963721597
