Modelo,MAE,RMSE,R2
Random Forest,0.01846052977140482,0.0333157107993904,0.9990723419751509
